Title                       ,Author            ,Votes,Album                      ,Category
Living in a Ghost Town      ,The Rolling Stones,10   ,Honk                       ,Rock
Living in a Ghost Town      ,The Rolling       ,9    ,Honk                       ,Rock
18                          ,The Stones        ,78  ,Honk                       ,Rock
112                         ,The Stones        ,49  ,Honk                       ,Rock
166                         ,The Stones        ,1    ,Honk                       ,Rock
You Should Be Sad           ,Halsey            ,2    ,Manic                      ,Alternative
Imported                    ,Jessie Reyez      ,6    ,Before Love Came to Kill Us,RnB
Living in a Ghost Town1     ,The Rolling Stones,10   ,Honk                       ,Rock
Living in a Ghost Town1     ,The Rolling       ,9    ,Honk                       ,Rock
182                         ,The Stones        ,112  ,Honk                       ,Rock
1123                        ,The Stones        ,12   ,Honk                       ,Rock
1664                        ,The Stones        ,12   ,Honk                       ,Rock
You Should Be Sad5          ,Halsey            ,2    ,Manic                      ,Alternative
Imported6                   ,Jessie Reyez      ,6    ,Before Love Came to Kill Us,RnB
Living in a Ghost Town7     ,The Rolling Stones,10   ,Honk                       ,Rock
Living in a Ghost Town8     ,The Rolling       ,9    ,Honk                       ,Rock
189                         ,The Stones        ,112  ,Honk                       ,Rock
1120                        ,The Stones        ,12   ,Honk                       ,Rock
16600                       ,The Stones        ,136  ,Honk                       ,Rock
You Should Be Sad2          ,Halsey            ,2    ,Manic                      ,Alternative
Imported3                   ,Jessie Reyez      ,6    ,Before Love Came to Kill Us,RnB
Living in  Town8            ,The Rolling       ,9    ,Honk                       ,Rock
89  nbmasd                  ,The Stones        ,11   ,Honk                       ,Rock
110 bmn   asd               ,The Stones        ,11   ,Honk                       ,Rock
16600 bnm    asd            ,The Stones        ,16   ,Honk                       ,Rock
You Sbnmhould Bd2           ,Halsey            ,2    ,Manic                      ,Alternative
Importbmned3    asd         ,Jessie Reyez      ,6    ,Before Love Came to Kill Us,RnB
Livingnbm in a Ghost Town8  ,The Rolling       ,9    ,Honk                       ,Rock
18bnm9                      ,The Stones        ,95  ,Honk                       ,Rock
1120bnm                     ,The Stones        ,12   ,Honk                       ,Rock
1660bnm0                    ,The Stones        ,16   ,Honk                       ,Rock
Youbnm Should Be Sad2       ,Halsey            ,2    ,Manic                      ,Alternative
Impobmrted3                 ,Jessie Reyez      ,6    ,Before Love Came to Kill Us,RnB
Livimg in a nGhost Town8    ,The Rolling       ,9    ,Honk                       ,Rock
189m hg                     ,The Stones        ,92  ,Honk                       ,Rock
1120hk                      ,The Stones        ,12   ,Honk                       ,Rock
166kgv00                    ,The Stones        ,16   ,Honk                       ,Rock
You Shoulddr Be Sad2        ,Halsey            ,2    ,Manic                      ,Alternative
Impzxcorted3                ,Jessie Reyez      ,6    ,Before Love Came to Kill Us,RnB
18czxc9                     ,The Stones        ,112  ,Honk                       ,Rock
1vcx120                     ,The Stones        ,11   ,Honk                       ,Rock
1660xcv0                    ,The Stones        ,166  ,Honk                       ,Rock
You Sxcvhould Be Sad2       ,Halsey            ,2    ,Manic                      ,Alternative
Importcxved3                ,Jessie Reyez      ,6    ,Before Love Came to Kill Us,RnB
Impzxcsdsdorted3            ,Jessie Reyez      ,6    ,Before Love Came to Kill Us,RnB
18czfsdfxc9                 ,The Stones        ,85 ,Honk                       ,Rock
1vcx120  gfd                ,The Stones        ,65  ,Honk                       ,Rock
1660xcvgx0                  ,The Stones        ,1    ,Honk                       ,Rock
You Sxcvhodfguld Be Sad2    ,Halsey            ,2    ,Manic                      ,Alternative
Importcfdgxved3             ,Jessie Reyez      ,6    ,Before Love Came to Kill Us,RnB
Impzasdxcorted3             ,Jessie Reyez      ,6    ,Before Love Came to Kill Us,RnB
18cdsfzxc9                  ,The Stones        ,141  ,Honk                       ,Rock
1vcxsadr120                 ,The Stones        ,11   ,Honk                       ,Rock
1660xcv0   fsd              ,The Stones        ,16   ,Honk                       ,Rock
You SxcwrwevhoulddfBe Sad2  ,Halsey            ,2    ,Manic                      ,Alternative
Importcfdhjbsdfexved3       ,Jessie Reyez      ,6    ,Before Love Came to Kill Us,RnB
18czfsdfxc9 fdg             ,The Stones        ,25  ,Honk
1vcx120  gfd   dfg          ,The Stones        ,11   ,Honk                       ,Rock
1660xcvgx0     hgf          ,The Stones        ,16   ,Honk                       ,Rock
You Sxcvhodfguld Be Sad2hfg ,Halsey            ,2    ,Manic                      ,Alternative
Importcfdgxved3dgfh         ,Jessie Reyez      ,6    ,Before Love Came to Kill Us,RnB
Impzasdxcorted3  gdfh       ,Jessie Reyez      ,6    ,Before Love Came to Kill Us,RnB
18cdsfzxc9 fdgh             ,The Stones        ,36 ,Honk                       ,Rock
1vcxsadr120fgdh             ,The Stones        ,11   ,Honk                       ,Rock
1660xcv0 iuo  fsd           ,The Stones        ,16   ,Honk                       ,Rock
You Sxcwrwevho76ulddfBe Sad2,Halsey            ,2    ,Manic                      ,Alternative
Importcsdfexved367          ,Jessie Reyez      ,6    ,Before Love Came to Kill Us,RnB